{
  "feature_cols": [
    "travel_days",
    "companion_cnt",
    "trip_type",
    "sido_enc",
    "sa1_1",
    "sa1_2",
    "sa1_3",
    "sa1_4",
    "sa1_5",
    "income_score",
    "season"
  ],
  "target_col": "log_one_cost",
  "log_transform": true,
  "data_source": "국민여행조사 2024 전국",
  "n_rows_total": 25893,
  "season_label": {
    "1": "봄",
    "2": "여름",
    "3": "가을",
    "4": "겨울"
  },
  "sido_name_to_enc": {
    "서울특별시": 0,
    "부산광역시": 1,
    "대구광역시": 2,
    "인천광역시": 3,
    "광주광역시": 4,
    "대전광역시": 5,
    "울산광역시": 6,
    "세종특별자치시": 7,
    "경기도": 8,
    "강원특별자치도": 9,
    "충청북도": 10,
    "충청남도": 11,
    "전북특별자치도": 12,
    "전라남도": 13,
    "경상북도": 14,
    "경상남도": 15,
    "제주특별자치도": 16
  },
  "sido_enc_range": "0~16 (17개 시도)",
  "income_score_range": "0~5 (MON_EXP 합산, 연속)",
  "tabnet_params": {
    "n_d": 32,
    "n_a": 32,
    "n_steps": 5
  },
  "feature_importances": {
    "travel_days": 0.18466119179074839,
    "companion_cnt": 0.14816807044635977,
    "trip_type": 0.03734434100801834,
    "sido_enc": 0.20325556393395672,
    "sa1_1": 0.17891986587795639,
    "sa1_2": 0.046894778566752185,
    "sa1_3": 0.06790779692197443,
    "sa1_4": 0.020264280704301457,
    "sa1_5": 0.0006365621169393562,
    "income_score": 0.019481143782759416,
    "season": 0.09246640485023355
  },
  "val_mae_krw": 42693,
  "val_r2": 0.5969,
  "test_mae_krw": 42764,
  "test_r2": 0.5939,
  "n_train": 18125,
  "n_val": 3884,
  "n_test": 3884,
  "model_version": "v3"
}