{
  "train_loss": [
    0.874588,
    0.735191,
    0.685383,
    0.656519,
    0.629572,
    0.603461,
    0.578116,
    0.555432,
    0.532423,
    0.507259,
    0.470108,
    0.453165,
    0.443272,
    0.431381,
    0.422931,
    0.413085,
    0.402897,
    0.39297,
    0.387628,
    0.378909,
    0.355633,
    0.35139,
    0.345938,
    0.343588,
    0.339287,
    0.334871,
    0.331398,
    0.327858,
    0.323411,
    0.320633
  ],
  "val_acc": [
    0.70924,
    0.68645,
    0.717719,
    0.692315,
    0.735473,
    0.74647,
    0.754088,
    0.777898,
    0.772001,
    0.751984,
    0.780894,
    0.783891,
    0.792911,
    0.785835,
    0.794664,
    0.808147,
    0.80088,
    0.811271,
    0.811494,
    0.800306,
    0.801963,
    0.799892,
    0.815478,
    0.812641,
    0.814267,
    0.808785,
    0.814235,
    0.820068,
    0.813406,
    0.812578
  ]
}